Date,Open,High,Low,Close,Volume
2024-01-01 00:00:00,153.64,154.45,152.49,152.2,483018
2024-01-02 00:00:00,154.81,155.82,153.52,153.6,377553
2024-01-03 00:00:00,157.74,159.25,156.71,156.95,412677
2024-01-04 00:00:00,162.3,164.11,160.62,163.39,195078
2024-01-05 00:00:00,166.32,167.64,164.7,166.56,224491
2024-01-06 00:00:00,163.54,164.46,161.65,165.67,296011
2024-01-07 00:00:00,166.54,167.08,165.99,167.47,300856
2024-01-08 00:00:00,166.18,167.74,164.33,166.14,316401
2024-01-09 00:00:00,166.78,167.29,165.69,168.04,425141
2024-01-10 00:00:00,167.71,168.77,165.89,167.92,319102
2024-01-11 00:00:00,168.8,170.1,167.27,168.1,154617
2024-01-12 00:00:00,171.72,173.6,169.73,172.4,189381
2024-01-13 00:00:00,173.77,174.41,172.13,173.08,447057
2024-01-14 00:00:00,173.69,174.8,172.64,173.4,170129
2024-01-15 00:00:00,174.64,175.17,173.39,175.97,176138
2024-01-16 00:00:00,175.87,176.89,174.81,175.77,287615
2024-01-17 00:00:00,179.36,180.79,178.31,178.55,481031
2024-01-18 00:00:00,179.45,180.36,178.55,178.98,463787
2024-01-19 00:00:00,181.31,182.13,180.07,182.33,354264
2024-01-20 00:00:00,178.75,179.43,177.23,178.2,205919
2024-01-21 00:00:00,173.49,174.86,172.57,173.1,270177
2024-01-22 00:00:00,175.4,176.94,174.12,174.89,105241
2024-01-23 00:00:00,177.37,178.88,176.7,177.56,100833
2024-01-24 00:00:00,176.66,178.58,175.92,176.27,417476
2024-01-25 00:00:00,180.49,180.99,179.92,178.89,495289
2024-01-26 00:00:00,178.68,180.15,176.73,177.79,171752
2024-01-27 00:00:00,179.12,180.52,178.61,178.19,360146
2024-01-28 00:00:00,179.08,180.47,178.32,180.33,147628
2024-01-29 00:00:00,182.03,183.98,180.61,182.85,210739
2024-01-30 00:00:00,185.45,185.98,184.83,186.04,261475
2024-01-31 00:00:00,185.47,187.01,183.65,184.96,122922
2024-02-01 00:00:00,186.99,188.71,185.41,186.18,188583
2024-02-02 00:00:00,185.49,186.76,183.54,184.98,246524
2024-02-03 00:00:00,182.31,183.31,181.05,181.26,328878
2024-02-04 00:00:00,181.13,182.81,180.18,183.62,325326
2024-02-05 00:00:00,182.71,183.35,181.38,180.46,269187
2024-02-06 00:00:00,185.83,186.99,183.93,186.39,341699
2024-02-07 00:00:00,186.75,188.03,185.47,185.46,135025
2024-02-08 00:00:00,187.52,189.06,186.62,187.42,297783
2024-02-09 00:00:00,187.34,187.98,185.53,186.35,208605
2024-02-10 00:00:00,184.89,185.73,183.83,183.71,449813
2024-02-11 00:00:00,182.47,183.58,181.97,181.33,150357
2024-02-12 00:00:00,179.49,180.92,178.62,181.24,448684
2024-02-13 00:00:00,183.61,185.44,182.63,183.47,334925
2024-02-14 00:00:00,182.88,184.31,181.09,182.12,296103
2024-02-15 00:00:00,181.62,182.32,180.43,182.18,227482
2024-02-16 00:00:00,180.83,182.8,179.66,180.84,318543
2024-02-17 00:00:00,182.65,184.46,181.64,183.37,190791
2024-02-18 00:00:00,178.77,180.03,176.95,176.95,269619
2024-02-19 00:00:00,178.32,180.21,176.41,178.63,105042
2024-02-20 00:00:00,177.83,179.14,175.84,178.6,312545
2024-02-21 00:00:00,178.35,180.24,177.29,176.69,280818
2024-02-22 00:00:00,177.99,179.73,176.04,178.44,445550
2024-02-23 00:00:00,175.7,177.65,174.01,177.39,163483
2024-02-24 00:00:00,176.45,178.33,174.93,176.43,129785
2024-02-25 00:00:00,177.6,178.16,176.74,178.43,395013
2024-02-26 00:00:00,177.33,178.09,176.5,178,467282
2024-02-27 00:00:00,177.9,178.99,177.15,177.2,405186
2024-02-28 00:00:00,176.83,178.76,174.95,176.87,150138
2024-02-29 00:00:00,177.51,178.46,176.56,175.94,184588
2024-03-01 00:00:00,175.56,176.3,174.38,175.11,332587
2024-03-02 00:00:00,175.48,177.31,174.24,175.75,372744
2024-03-03 00:00:00,174.11,175.28,172.44,174.83,270404
2024-03-04 00:00:00,171.23,173.09,169.46,171.26,382494
2024-03-05 00:00:00,170.94,171.68,170.24,171.66,414545
2024-03-06 00:00:00,171.5,172.99,170.36,170.4,382572
2024-03-07 00:00:00,168.71,169.87,166.95,168.61,220785
2024-03-08 00:00:00,169.72,170.33,167.99,169.74,482175
2024-03-09 00:00:00,168,169.55,167.35,169.85,349802
2024-03-10 00:00:00,168.61,169.48,167.88,168.4,400848
2024-03-11 00:00:00,170.52,171.08,169.56,170.02,448746
2024-03-12 00:00:00,169.49,170.08,168.88,169.51,311549
2024-03-13 00:00:00,174.44,175.03,173.3,173.52,466114
2024-03-14 00:00:00,171.48,173.34,170.82,171.68,201836
2024-03-15 00:00:00,172.07,173.68,170.71,171.7,135569
2024-03-16 00:00:00,171.13,172.97,170.26,169.34,369607
2024-03-17 00:00:00,170.13,171.64,168.73,170.07,487440
2024-03-18 00:00:00,168.97,170.26,168.29,168.65,453802
2024-03-19 00:00:00,167.69,168.64,165.72,166.05,158114
2024-03-20 00:00:00,170.15,172.14,168.25,170.08,453657
2024-03-21 00:00:00,167.03,168.07,165.94,168.52,498319
2024-03-22 00:00:00,169.69,170.9,168.83,170.22,132843
2024-03-23 00:00:00,170.07,171.14,169.19,170.68,364110
2024-03-24 00:00:00,168.41,170.38,167.19,167.07,217811
2024-03-25 00:00:00,171.06,171.83,170.5,171.54,352404
2024-03-26 00:00:00,175.32,176.31,173.86,175.46,210505
2024-03-27 00:00:00,177.15,178.67,176.03,177.68,104090
2024-03-28 00:00:00,178.21,178.81,177.15,178.64,136483
2024-03-29 00:00:00,176.11,177.52,174.4,174.75,206253
2024-03-30 00:00:00,178.83,180.04,177.26,178.79,169414
2024-03-31 00:00:00,177.36,178.28,175.42,176.6,311459
2024-04-01 00:00:00,180.17,181.03,179.15,180.12,354867
2024-04-02 00:00:00,182.28,183.56,180.44,181.39,153841
2024-04-03 00:00:00,182.86,183.91,181.2,184.17,430110
2024-04-04 00:00:00,184.33,185.51,183.29,183.47,164327
2024-04-05 00:00:00,186.68,187.69,185.25,185.78,386870
2024-04-06 00:00:00,186.48,188.44,185.55,186.56,120028
2024-04-07 00:00:00,190.6,191.3,188.78,189.52,273275
2024-04-08 00:00:00,190.66,191.3,189.99,190.23,350498
2024-04-09 00:00:00,192.15,193.16,191.33,191.32,105000
2024-04-10 00:00:00,195.37,196.76,194.6,196.79,482024
2024-04-11 00:00:00,194.46,195.95,193.36,195.25,130425
2024-04-12 00:00:00,191.33,192.43,189.71,191.27,270278
2024-04-13 00:00:00,193.29,195.29,192,192.9,198017
2024-04-14 00:00:00,191.92,192.94,190.69,192.86,282616
2024-04-15 00:00:00,195.54,197.12,195.04,195.95,410591
2024-04-16 00:00:00,194.58,196.03,193.44,195.07,307765
2024-04-17 00:00:00,193.38,195.1,192.78,193.35,229540
2024-04-18 00:00:00,198.54,200.51,197.73,196.85,413759
2024-04-19 00:00:00,201.38,203.21,199.48,201.26,371091
2024-04-20 00:00:00,205.42,207.07,204.6,204.89,131397
2024-04-21 00:00:00,208.14,209.69,206.35,208.79,458151
2024-04-22 00:00:00,205.62,206.62,203.91,206.63,447798
2024-04-23 00:00:00,209.94,210.66,209.2,209.28,423196
2024-04-24 00:00:00,209.87,210.47,208.46,210.34,417627
2024-04-25 00:00:00,212.02,212.88,211.34,213.75,438655
2024-04-26 00:00:00,214.14,215.29,212.55,213.48,319081
2024-04-27 00:00:00,214.01,215.29,212.55,215.69,116243
2024-04-28 00:00:00,215.65,217.31,213.93,214.8,179283
2024-04-29 00:00:00,217.77,219.71,216.55,217.8,192754
2024-04-30 00:00:00,218.52,219.2,216.65,218.51,390583
2024-05-01 00:00:00,216.57,217.23,216,216.59,312051
2024-05-02 00:00:00,218.01,219.4,217.08,217.18,384441
2024-05-03 00:00:00,220.38,222,218.81,219.79,187865
2024-05-04 00:00:00,219.16,220.93,218.04,218.49,156517
2024-05-05 00:00:00,219.59,221.49,218.83,219.91,352249
2024-05-06 00:00:00,219.09,221.07,218.43,219.42,280525
2024-05-07 00:00:00,224.3,225.4,222.57,226.52,476175
2024-05-08 00:00:00,224.46,225.53,223.25,225.83,195832
2024-05-09 00:00:00,226.4,227.12,224.58,225.89,192083
2024-05-10 00:00:00,225.06,226.59,223.46,225.39,363483
2024-05-11 00:00:00,225.47,226.96,224.36,226.47,446028
2024-05-12 00:00:00,225.41,227.2,224.35,225.44,314170
2024-05-13 00:00:00,224.79,225.44,223.52,224.72,479509
2024-05-14 00:00:00,223.08,224.33,221.25,223.13,164427
2024-05-15 00:00:00,226.37,227.74,224.76,227.23,481561
2024-05-16 00:00:00,226.64,227.5,226.13,225.79,256064
2024-05-17 00:00:00,227.63,228.38,226.09,227.3,191934
2024-05-18 00:00:00,228.15,229.94,226.27,228.62,105774
2024-05-19 00:00:00,227.44,228.02,225.87,227.75,447463
2024-05-20 00:00:00,224.46,225.66,223.69,224.7,489216
2024-05-21 00:00:00,224.88,225.55,223.65,224.51,249181
2024-05-22 00:00:00,225.39,226.58,224.68,226.36,264353
2024-05-23 00:00:00,226.7,228.67,225.66,228.83,136342
2024-05-24 00:00:00,232.15,233.29,230.25,232.56,180303
2024-05-25 00:00:00,234.42,236.21,232.54,234.23,479245
2024-05-26 00:00:00,232.85,233.53,231.93,233.61,123723
2024-05-27 00:00:00,235.65,236.56,234.64,235.11,446586
2024-05-28 00:00:00,233.53,234.63,232.13,232.78,354991
2024-05-29 00:00:00,232.79,233.89,230.85,232.82,206308
2024-05-30 00:00:00,232.4,233.9,231.67,229.81,379754
2024-05-31 00:00:00,235.79,236.8,234.9,234.63,198410
2024-06-01 00:00:00,236,237.57,234.19,235.65,230518
2024-06-02 00:00:00,233.62,235.08,232.38,232.26,300960
2024-06-03 00:00:00,233.74,234.84,231.89,232.71,339185
2024-06-04 00:00:00,232.78,233.93,232,232.34,414554
2024-06-05 00:00:00,234.67,236.09,233.37,233.03,351099
2024-06-06 00:00:00,233.49,234.1,232.5,233.09,498262
2024-06-07 00:00:00,231.5,233.23,230.52,230.96,321615
2024-06-08 00:00:00,231.47,232.95,230.3,231.5,174518
2024-06-09 00:00:00,230.82,232.4,229.67,231.97,410047
2024-06-10 00:00:00,234.63,235.93,233.59,234.8,178196
2024-06-11 00:00:00,237.29,237.96,235.42,237.31,475842
2024-06-12 00:00:00,237.47,238.58,235.87,237.57,355970
2024-06-13 00:00:00,235.14,236.25,233.55,235.37,431076
2024-06-14 00:00:00,237.22,238.2,236.28,236.2,464324
2024-06-15 00:00:00,235.34,235.89,233.97,235.23,194035
2024-06-16 00:00:00,232.45,234.06,230.78,232.76,323404
2024-06-17 00:00:00,235.19,235.85,233.5,233.82,371057
2024-06-18 00:00:00,235.69,237.1,234.68,236.56,438160
2024-06-19 00:00:00,238.54,240.09,236.88,239.62,443407
2024-06-20 00:00:00,238.84,240.29,237.24,238.21,337766
2024-06-21 00:00:00,241.77,243.71,241.06,241.53,431184
2024-06-22 00:00:00,240.22,240.88,238.42,239.34,228393
2024-06-23 00:00:00,238.6,240.4,237.44,239.3,353468
2024-06-24 00:00:00,240.49,241.03,239.26,239.43,218861
2024-06-25 00:00:00,239.26,240.56,238.08,239.03,294232
2024-06-26 00:00:00,237.07,238.18,235.72,236.21,495657
2024-06-27 00:00:00,237.14,238.43,235.71,237.19,198773
2024-06-28 00:00:00,238.02,239.07,236.77,236.23,159202
2024-06-29 00:00:00,236.32,237.11,234.52,237.65,228110
2024-06-30 00:00:00,234.92,235.44,233.47,233.95,205464
2024-07-01 00:00:00,232.61,233.88,231.51,232.67,363332
2024-07-02 00:00:00,229.08,230.84,227.95,228.86,206780
2024-07-03 00:00:00,231.16,232.22,229.44,230.4,416916
2024-07-04 00:00:00,227.41,228.24,226.38,226.52,115424
2024-07-05 00:00:00,225.83,226.45,225.02,226.77,211484
2024-07-06 00:00:00,225.99,226.62,225.41,225.47,394123
2024-07-07 00:00:00,226.38,227.21,224.56,226.65,158882
2024-07-08 00:00:00,229.02,229.67,227.14,228.22,168005
2024-07-09 00:00:00,226.93,227.83,226.25,226.29,189031
2024-07-10 00:00:00,227.37,227.97,226.37,227.85,467703
2024-07-11 00:00:00,227.53,228.13,226.77,228.46,267889
2024-07-12 00:00:00,224.86,226.65,224.19,224.69,158883
2024-07-13 00:00:00,226.87,227.61,225.02,225.45,310914
2024-07-14 00:00:00,226.59,227.93,226.01,228.59,429459
2024-07-15 00:00:00,229.25,230.91,227.28,228.39,432370
2024-07-16 00:00:00,231.34,232.52,230.69,229.79,317906
2024-07-17 00:00:00,236.12,236.85,234.33,238.72,151133
2024-07-18 00:00:00,238.79,239.59,237.44,238.39,299146
